CODON	Amino acid	Frequency in 1000	Fraction	
GCT	Ala	17.5	0.34	
GCC	Ala	16.1	0.31	
GCA	Ala	12.5	0.24	
GCG	Ala	6.1	0.12	
CGT	Arg	8.5	0.14	
CGC	Arg	10.1	0.17	
CGA	Arg	4.6	0.08	
CGG	Arg	8.4	0.14	
AGA	Arg	15.5	0.26	
AGG	Arg	12.3	0.21	
AAT	Asn	17.9	0.56	
AAC	Asn	14.3	0.44	
GAT	Asp	8	0.31	
GAC	Asp	18	0.69	
TGT	Cys	24.1	0.62	
TGC	Cys	14.5	0.38	
CAA	Gln	21.1	0.59	
CAG	Gln	14.5	0.41	
GAA	Glu	12.3	0.14	
GAG	Glu	12.5	0.14	
GGT	Gly	9.2	0.10	
GGC	Gly	12.7	0.14	
GGA	Gly	24.2	0.27	
GGG	Gly	18.6	0.21	
CAT	His	12.5	0.49	
CAC	His	13	0.51	
ATT	Ile	17.6	0.39	
ATC	Ile	19.9	0.45	
ATA	Ile	7.1	0.16	
TTA	Leu	14.3	0.11	
TTG	Leu	22.8	0.18	
CTT	Leu	22.7	0.18	
CTC	Leu	25.1	0.20	
CTA	Leu	19.7	0.16	
CTG	Leu	22.4	0.18	
AAA	Lys	15.6	0.68	
AAG	Lys	7.5	0.32	
ATG	Met	19.1	1.00	
TTT	Phe	27.2	0.51	
TTC	Phe	26.4	0.49	
CCT	Pro	31.9	0.35	
CCC	Pro	23.4	0.26	
CCA	Pro	24.9	0.27	
CCG	Pro	11.3	0.12	
TCT	Ser	27.6	0.27	
TCC	Ser	24.5	0.24	
TCA	Ser	22.5	0.22	
TCG	Ser	10.4	0.10	
AGT	Ser	11	0.11	
AGC	Ser	6.3	0.06	
ACT	Thr	20.8	0.33	
ACC	Thr	22.8	0.36	
ACA	Thr	14	0.22	
ACG	Thr	5.9	0.09	
TGG	Trp	33.2	1.00	
TAT	Tyr	16.6	0.64	
TAC	Tyr	9.5	0.36	
GTT	Val	17.7	0.33	
GTC	Val	10.8	0.20	
GTA	Val	8.7	0.16	
GTG	Val	15.8	0.30	
TAA	Stop	1.8	0.53	
TAG	Stop	0.9	0.26	
TGA	Stop	0.7	0.21	
