Amino acid	9606	11676
*	TAG	TAA
*	TAA	TAG
*	TGA	TGA
A	GCG	GCG
A	GCA	GCC
A	GCT	GCT
A	GCC	GCA
C	TGT	TGC
C	TGC	TGT
D	GAT	GAC
D	GAC	GAT
E	GAA	GAG
E	GAG	GAA
F	TTT	TTC
F	TTC	TTT
G	GGT	GGT
G	GGA	GGC
G	GGG	GGG
G	GGC	GGA
H	CAT	CAC
H	CAC	CAT
I	ATA	ATC
I	ATT	ATT
I	ATC	ATA
K	AAA	AAG
K	AAG	AAA
L	CTA	CTC
L	TTA	CTT
L	TTG	CTA
L	CTT	TTG
L	CTC	CTG
L	CTG	TTA
M	ATG	ATG
N	AAT	AAC
N	AAC	AAT
P	CCG	CCG
P	CCA	CCC
P	CCT	CCT
P	CCC	CCA
Q	CAA	CAG
Q	CAG	CAA
R	CGT	CGT
R	CGA	CGC
R	CGC	CGG
R	CGG	CGA
R	AGG	AGG
R	AGA	AGA
S	TCG	TCG
S	AGT	TCC
S	TCA	TCT
S	TCT	TCA
S	TCC	AGT
S	AGC	AGC
T	ACG	ACG
T	ACT	ACC
T	ACA	ACT
T	ACC	ACA
V	GTA	GTC
V	GTT	GTT
V	GTC	GTG
V	GTG	GTA
W	TGG	TGG
Y	TAT	TAC
Y	TAC	TAT
