Amino acid	Nelly	E_coli 
*	TAA	TAA
*	TAG	TGA
*	TGA	TGA
A	GCT	GCG
A	GCC	GCC
A	GCA	GCG
A	GCG	GCT
C	TGT	TGC
C	TGC	TGT
D	GAT	GAT
D	GAC	GAC
E	GAA	GAA
E	GAG	GAG
F	TTT	TTT
F	TTC	TTT
G	GGT	GGT
G	GGC	GGA
G	GGA	GGC
G	GGG	GGT
H	CAT	CAT
H	CAC	CAC
I	ATT	ATT
I	ATC	ATC
I	ATA	ATC
K	AAA	AAA
K	AAG	AAG
L	TTA	CTG
L	TTG	TTA
L	CTT	CTG
L	CTC	CTT
L	CTA	TTG
L	CTG	CTC
M	ATG	ATG
N	AAT	AAC
N	AAC	AAT
P	CCT	CCG
P	CCC	CCA
P	CCA	CCG
P	CCG	CCT
Q	CAA	CAG
Q	CAG	CAA
R	CGT	CGC
R	CGC	CGG
R	CGA	CGT
R	CGG	CGC
R	AGA	CGT
R	AGG	CGG
S	TCT	AGC
S	TCC	AGT
S	TCA	AGC
S	TCG	TCG
S	AGT	AGC
S	AGC	TCA
T	ACT	ACC
T	ACC	ACG
T	ACA	ACC
T	ACG	ACA
V	GTT	GTG
V	GTC	GTA
V	GTA	GTT
V	GTG	GTC
W	TGG	TGG
Y	TAC	TAC
Y	TAT	TAT
