Amino acid	nelly	9606
*	TAG	TAG
*	TGA	TAA
*	TAA	TGA
A	GCG	GCG
A	GCC	GCA
A	GCT	GCT
A	GCA	GCC
C	TGC	TGT
C	TGT	TGC
D	GAC	GAT
D	GAT	GAC
E	GAG	GAA
E	GAA	GAG
F	TTC	TTT
F	TTT	TTC
G	GGC	GGT
G	GGG	GGA
G	GGT	GGG
G	GGA	GGC
H	CAC	CAT
H	CAT	CAC
I	ATA	ATA
I	ATC	ATT
I	ATT	ATC
K	AAG	AAA
K	AAA	AAG
L	CTG	CTA
L	CTC	TTA
L	CTA	TTG
L	CTT	CTT
L	TTG	CTC
L	TTA	CTG
M	ATG	ATG
N	AAC	AAT
N	AAT	AAC
P	CCG	CCG
P	CCC	CCA
P	CCA	CCT
P	CCT	CCC
Q	CAG	CAA
Q	CAA	CAG
R	AGG	CGT
R	CGC	CGA
R	CGG	CGC
R	AGA	CGG
R	CGT	AGG
R	CGA	AGA
S	AGC	TCG
S	TCG	AGT
S	TCC	TCA
S	AGT	TCT
S	TCA	TCC
S	TCT	AGC
T	ACG	ACG
T	ACC	ACT
T	ACA	ACA
T	ACT	ACC
V	GTC	GTA
V	GTG	GTT
V	GTA	GTC
V	GTT	GTG
W	TGG	TGG
Y	TAC	TAT
Y	TAT	TAC
