Amino acid	Nelly	E_coli
*	TAG	TAG
*	TGA	TGA
*	TAA	TAA
A	GCG	GCT
A	GCC	GCA
A	GCT	GCC
A	GCA	GCG
C	TGC	TGT
C	TGT	TGC
D	GAC	GAC
D	GAT	GAT
E	GAG	GAG
E	GAA	GAA
F	TTC	TTC
F	TTT	TTT
G	GGC	GGG
G	GGG	GGA
G	GGT	GGT
G	GGA	GGC
H	CAC	CAC
H	CAT	CAT
I	ATA	ATA
I	ATC	ATC
I	ATT	ATT
K	AAG	AAG
K	AAA	AAA
L	CTG	CTA
L	CTC	CTC
L	CTA	CTT
L	CTT	TTG
L	TTG	TTA
L	TTA	CTG
M	ATG	ATG
N	AAC	AAT
N	AAT	AAC
P	CCG	CCC
P	CCC	CCA
P	CCA	CCT
P	CCT	CCG
Q	CAG	CAA
Q	CAA	CAG
R	AGG	AGA
R	CGC	AGG
R	CGG	CGA
R	AGA	CGG
R	CGT	CGT
R	CGA	CGC
S	AGC	TCC
S	TCG	TCT
S	TCC	AGT
S	AGT	TCA
S	TCA	TCG
S	TCT	AGC
T	ACG	ACA
T	ACC	ACT
T	ACA	ACG
T	ACT	ACC
V	GTC	GTA
V	GTG	GTC
V	GTA	GTT
V	GTT	GTG
W	TGG	TGG
Y	TAC	TAC
Y	TAT	TAT
